split,sample_index,patient_id,practice_id,country,health_auth,pred_top1_event_id,pred_top1_event_token,pred_top1_score,pred_topk_event_ids,pred_topk_event_tokens,pred_topk_scores
train,0,1,20975,E,East of England,3,CHRONICFATIGUESYNDROMEMM_V2,0.05441097915172577,"[3, 12, 1, 9, 11]","[""CHRONICFATIGUESYNDROMEMM_V2"", ""HYPERTENSION"", ""UNK"", ""AF"", ""DEATH""]","[0.05441097915172577, 0.053321097046136856, 0.05260927602648735, 0.05095189809799194, 0.039775095880031586]"
train,1,5,20975,E,East of England,12,HYPERTENSION,0.07481289654970169,"[12, 3, 1, 13, 9]","[""HYPERTENSION"", ""CHRONICFATIGUESYNDROMEMM_V2"", ""UNK"", ""TYPE2DIABETES"", ""AF""]","[0.07481289654970169, 0.052806008607149124, 0.051659099757671356, 0.04942862689495087, 0.04596754536032677]"
train,2,4,20972,E,East of England,12,HYPERTENSION,0.05238904431462288,"[12, 1, 9, 3, 4]","[""HYPERTENSION"", ""UNK"", ""AF"", ""CHRONICFATIGUESYNDROMEMM_V2"", ""HAEMOCHROMATOSIS_V2""]","[0.05238904431462288, 0.05157419666647911, 0.0500444620847702, 0.04923347383737564, 0.04285816475749016]"
train,3,3,20973,E,East of England,12,HYPERTENSION,0.06830628216266632,"[12, 1, 11, 3, 9]","[""HYPERTENSION"", ""UNK"", ""DEATH"", ""CHRONICFATIGUESYNDROMEMM_V2"", ""AF""]","[0.06830628216266632, 0.04896273463964462, 0.04688158631324768, 0.045298345386981964, 0.044670917093753815]"
train,4,2,20974,E,East of England,12,HYPERTENSION,0.06926359981298447,"[12, 3, 9, 1, 8]","[""HYPERTENSION"", ""CHRONICFATIGUESYNDROMEMM_V2"", ""AF"", ""UNK"", ""25_Hydroxyvitamin_D2_level_92_""]","[0.06926359981298447, 0.052159469574689865, 0.05190347880125046, 0.05132365599274635, 0.04597245901823044]"
train,5,3,20969,E,East of England,13,TYPE2DIABETES,0.06124603748321533,"[13, 3, 12, 1, 9]","[""TYPE2DIABETES"", ""CHRONICFATIGUESYNDROMEMM_V2"", ""HYPERTENSION"", ""UNK"", ""AF""]","[0.06124603748321533, 0.05637407302856445, 0.055353183299303055, 0.050224464386701584, 0.047879625111818314]"
train,6,1,20967,E,East of England,3,CHRONICFATIGUESYNDROMEMM_V2,0.0583527646958828,"[3, 9, 1, 13, 4]","[""CHRONICFATIGUESYNDROMEMM_V2"", ""AF"", ""UNK"", ""TYPE2DIABETES"", ""HAEMOCHROMATOSIS_V2""]","[0.0583527646958828, 0.0540199913084507, 0.05019121989607811, 0.04777912423014641, 0.044179923832416534]"
train,7,5,20967,E,East of England,3,CHRONICFATIGUESYNDROMEMM_V2,0.05778062716126442,"[3, 13, 12, 8, 4]","[""CHRONICFATIGUESYNDROMEMM_V2"", ""TYPE2DIABETES"", ""HYPERTENSION"", ""25_Hydroxyvitamin_D2_level_92_"", ""HAEMOCHROMATOSIS_V2""]","[0.05778062716126442, 0.053915251046419144, 0.05107085034251213, 0.04534574970602989, 0.04426949843764305]"
train,8,4,20968,E,East of England,9,AF,0.054424118250608444,"[9, 1, 11, 3, 4]","[""AF"", ""UNK"", ""DEATH"", ""CHRONICFATIGUESYNDROMEMM_V2"", ""HAEMOCHROMATOSIS_V2""]","[0.054424118250608444, 0.05434446781873703, 0.05312083661556244, 0.047425925731658936, 0.043099988251924515]"
train,9,1,20971,E,East of England,12,HYPERTENSION,0.05601391941308975,"[12, 3, 9, 13, 1]","[""HYPERTENSION"", ""CHRONICFATIGUESYNDROMEMM_V2"", ""AF"", ""TYPE2DIABETES"", ""UNK""]","[0.05601391941308975, 0.04791891202330589, 0.044988080859184265, 0.04416579753160477, 0.04321407154202461]"
train,10,5,20971,E,East of England,9,AF,0.060200970619916916,"[9, 3, 13, 12, 11]","[""AF"", ""CHRONICFATIGUESYNDROMEMM_V2"", ""TYPE2DIABETES"", ""HYPERTENSION"", ""DEATH""]","[0.060200970619916916, 0.05328576639294624, 0.04965387284755707, 0.04743775352835655, 0.04070001095533371]"
train,11,4,20976,E,East of England,9,AF,0.062121495604515076,"[9, 3, 1, 12, 13]","[""AF"", ""CHRONICFATIGUESYNDROMEMM_V2"", ""UNK"", ""HYPERTENSION"", ""TYPE2DIABETES""]","[0.062121495604515076, 0.05808039754629135, 0.05526310205459595, 0.05047444626688957, 0.04278901219367981]"
train,12,2,20978,E,East of England,12,HYPERTENSION,0.06624770164489746,"[12, 3, 1, 9, 13]","[""HYPERTENSION"", ""CHRONICFATIGUESYNDROMEMM_V2"", ""UNK"", ""AF"", ""TYPE2DIABETES""]","[0.06624770164489746, 0.05411461740732193, 0.05037786439061165, 0.048264533281326294, 0.04750017076730728]"
train,13,1,20979,E,East of England,3,CHRONICFATIGUESYNDROMEMM_V2,0.0684686228632927,"[3, 13, 12, 9, 11]","[""CHRONICFATIGUESYNDROMEMM_V2"", ""TYPE2DIABETES"", ""HYPERTENSION"", ""AF"", ""DEATH""]","[0.0684686228632927, 0.05877551808953285, 0.05271246284246445, 0.050254836678504944, 0.04735229164361954]"
train,14,5,20979,E,East of England,12,HYPERTENSION,0.05176056921482086,"[12, 11, 9, 13, 1]","[""HYPERTENSION"", ""DEATH"", ""AF"", ""TYPE2DIABETES"", ""UNK""]","[0.05176056921482086, 0.04894381761550903, 0.04780404269695282, 0.045903243124485016, 0.04547509178519249]"
train,15,3,20977,E,East of England,12,HYPERTENSION,0.059956032782793045,"[12, 9, 3, 11, 13]","[""HYPERTENSION"", ""AF"", ""CHRONICFATIGUESYNDROMEMM_V2"", ""DEATH"", ""TYPE2DIABETES""]","[0.059956032782793045, 0.05585041642189026, 0.04871717467904091, 0.04800758883357048, 0.046474307775497437]"
train,16,2,20970,E,East of England,3,CHRONICFATIGUESYNDROMEMM_V2,0.050772398710250854,"[3, 13, 9, 8, 4]","[""CHRONICFATIGUESYNDROMEMM_V2"", ""TYPE2DIABETES"", ""AF"", ""25_Hydroxyvitamin_D2_level_92_"", ""HAEMOCHROMATOSIS_V2""]","[0.050772398710250854, 0.04919358342885971, 0.04607301950454712, 0.04511852189898491, 0.041755110025405884]"
train,17,1,20963,E,East of England,3,CHRONICFATIGUESYNDROMEMM_V2,0.05721094459295273,"[3, 13, 8, 9, 4]","[""CHRONICFATIGUESYNDROMEMM_V2"", ""TYPE2DIABETES"", ""25_Hydroxyvitamin_D2_level_92_"", ""AF"", ""HAEMOCHROMATOSIS_V2""]","[0.05721094459295273, 0.04549022763967514, 0.04430221766233444, 0.04377281293272972, 0.040079616010189056]"
train,18,5,20963,E,East of England,3,CHRONICFATIGUESYNDROMEMM_V2,0.055541981011629105,"[3, 4, 11, 9, 13]","[""CHRONICFATIGUESYNDROMEMM_V2"", ""HAEMOCHROMATOSIS_V2"", ""DEATH"", ""AF"", ""TYPE2DIABETES""]","[0.055541981011629105, 0.0497719831764698, 0.049595266580581665, 0.04805918410420418, 0.0457458570599556]"
train,19,3,20965,E,East of England,13,TYPE2DIABETES,0.05906672403216362,"[13, 9, 1, 3, 4]","[""TYPE2DIABETES"", ""AF"", ""UNK"", ""CHRONICFATIGUESYNDROMEMM_V2"", ""HAEMOCHROMATOSIS_V2""]","[0.05906672403216362, 0.05184011906385422, 0.046722352504730225, 0.04449739679694176, 0.04444553330540657]"
train,20,2,20962,E,East of England,1,UNK,0.05142704024910927,"[1, 9, 3, 12, 13]","[""UNK"", ""AF"", ""CHRONICFATIGUESYNDROMEMM_V2"", ""HYPERTENSION"", ""TYPE2DIABETES""]","[0.05142704024910927, 0.05119553953409195, 0.050860777497291565, 0.04966321960091591, 0.04334336146712303]"
train,21,4,20975,E,West Midlands,12,HYPERTENSION,0.06410349160432816,"[12, 1, 3, 13, 9]","[""HYPERTENSION"", ""UNK"", ""CHRONICFATIGUESYNDROMEMM_V2"", ""TYPE2DIABETES"", ""AF""]","[0.06410349160432816, 0.05910573899745941, 0.05135654658079147, 0.050784870982170105, 0.044924963265657425]"
train,22,3,20972,E,West Midlands,12,HYPERTENSION,0.06047505885362625,"[12, 3, 8, 9, 13]","[""HYPERTENSION"", ""CHRONICFATIGUESYNDROMEMM_V2"", ""25_Hydroxyvitamin_D2_level_92_"", ""AF"", ""TYPE2DIABETES""]","[0.06047505885362625, 0.06006661802530289, 0.057041388005018234, 0.048775848001241684, 0.04405384883284569]"
train,23,2,20973,E,West Midlands,12,HYPERTENSION,0.053767479956150055,"[12, 3, 1, 11, 4]","[""HYPERTENSION"", ""CHRONICFATIGUESYNDROMEMM_V2"", ""UNK"", ""DEATH"", ""HAEMOCHROMATOSIS_V2""]","[0.053767479956150055, 0.05175505205988884, 0.04556814953684807, 0.04391492158174515, 0.04310993477702141]"
train,24,1,20974,E,West Midlands,12,HYPERTENSION,0.06713373214006424,"[12, 3, 1, 9, 8]","[""HYPERTENSION"", ""CHRONICFATIGUESYNDROMEMM_V2"", ""UNK"", ""AF"", ""25_Hydroxyvitamin_D2_level_92_""]","[0.06713373214006424, 0.060752250254154205, 0.05408040061593056, 0.04300016909837723, 0.04026469215750694]"
train,25,5,20974,E,West Midlands,3,CHRONICFATIGUESYNDROMEMM_V2,0.06936407089233398,"[3, 12, 9, 1, 8]","[""CHRONICFATIGUESYNDROMEMM_V2"", ""HYPERTENSION"", ""AF"", ""UNK"", ""25_Hydroxyvitamin_D2_level_92_""]","[0.06936407089233398, 0.05508095398545265, 0.05035683140158653, 0.04577399045228958, 0.04494404420256615]"
train,26,2,20969,E,West Midlands,12,HYPERTENSION,0.05890448018908501,"[12, 3, 13, 1, 11]","[""HYPERTENSION"", ""CHRONICFATIGUESYNDROMEMM_V2"", ""TYPE2DIABETES"", ""UNK"", ""DEATH""]","[0.05890448018908501, 0.05164723843336105, 0.04898887500166893, 0.04789736866950989, 0.04732046648859978]"
train,27,4,20967,E,West Midlands,3,CHRONICFATIGUESYNDROMEMM_V2,0.056212227791547775,"[3, 1, 12, 13, 8]","[""CHRONICFATIGUESYNDROMEMM_V2"", ""UNK"", ""HYPERTENSION"", ""TYPE2DIABETES"", ""25_Hydroxyvitamin_D2_level_92_""]","[0.056212227791547775, 0.05570279061794281, 0.054558780044317245, 0.05134330689907074, 0.0458025224506855]"
train,28,3,20968,E,West Midlands,11,DEATH,0.059743598103523254,"[11, 1, 3, 9, 12]","[""DEATH"", ""UNK"", ""CHRONICFATIGUESYNDROMEMM_V2"", ""AF"", ""HYPERTENSION""]","[0.059743598103523254, 0.052069589495658875, 0.050414904952049255, 0.04786289110779762, 0.04737727716565132]"
train,29,4,20971,E,West Midlands,9,AF,0.05401061847805977,"[9, 12, 3, 1, 4]","[""AF"", ""HYPERTENSION"", ""CHRONICFATIGUESYNDROMEMM_V2"", ""UNK"", ""HAEMOCHROMATOSIS_V2""]","[0.05401061847805977, 0.04984058067202568, 0.047373585402965546, 0.04357986897230148, 0.0411495640873909]"
train,30,3,20976,E,West Midlands,12,HYPERTENSION,0.06839518994092941,"[12, 1, 3, 9, 13]","[""HYPERTENSION"", ""UNK"", ""CHRONICFATIGUESYNDROMEMM_V2"", ""AF"", ""TYPE2DIABETES""]","[0.06839518994092941, 0.052820369601249695, 0.05278337001800537, 0.04863005876541138, 0.042481109499931335]"
train,31,1,20978,E,West Midlands,3,CHRONICFATIGUESYNDROMEMM_V2,0.059732045978307724,"[3, 1, 12, 13, 7]","[""CHRONICFATIGUESYNDROMEMM_V2"", ""UNK"", ""HYPERTENSION"", ""TYPE2DIABETES"", ""OTHER_CHRONIC_LIVER_DISEASE_OPTIMAL""]","[0.059732045978307724, 0.05054363235831261, 0.04967674985527992, 0.04919079691171646, 0.04248175770044327]"
train,32,5,20978,E,West Midlands,12,HYPERTENSION,0.08098834753036499,"[12, 3, 11, 9, 13]","[""HYPERTENSION"", ""CHRONICFATIGUESYNDROMEMM_V2"", ""DEATH"", ""AF"", ""TYPE2DIABETES""]","[0.08098834753036499, 0.05723434314131737, 0.04862314090132713, 0.0478837676346302, 0.047378502786159515]"
train,33,4,20979,E,West Midlands,1,UNK,0.05929277837276459,"[1, 12, 9, 13, 3]","[""UNK"", ""HYPERTENSION"", ""AF"", ""TYPE2DIABETES"", ""CHRONICFATIGUESYNDROMEMM_V2""]","[0.05929277837276459, 0.05741557478904724, 0.050739627331495285, 0.05015686899423599, 0.045215070247650146]"
train,34,2,20977,E,West Midlands,12,HYPERTENSION,0.07162217795848846,"[12, 9, 3, 13, 1]","[""HYPERTENSION"", ""AF"", ""CHRONICFATIGUESYNDROMEMM_V2"", ""TYPE2DIABETES"", ""UNK""]","[0.07162217795848846, 0.05173851177096367, 0.05081493780016899, 0.04959617927670479, 0.048350267112255096]"
train,35,1,20970,E,West Midlands,13,TYPE2DIABETES,0.06415217369794846,"[13, 3, 12, 1, 9]","[""TYPE2DIABETES"", ""CHRONICFATIGUESYNDROMEMM_V2"", ""HYPERTENSION"", ""UNK"", ""AF""]","[0.06415217369794846, 0.0570758581161499, 0.05346821993589401, 0.050865378230810165, 0.04443011060357094]"
train,36,5,20970,E,West Midlands,12,HYPERTENSION,0.05864417925477028,"[12, 3, 11, 13, 1]","[""HYPERTENSION"", ""CHRONICFATIGUESYNDROMEMM_V2"", ""DEATH"", ""TYPE2DIABETES"", ""UNK""]","[0.05864417925477028, 0.05217478424310684, 0.051844291388988495, 0.049092043191194534, 0.039175406098365784]"
train,37,4,20963,E,West Midlands,11,DEATH,0.05144351348280907,"[11, 4, 3, 1, 9]","[""DEATH"", ""HAEMOCHROMATOSIS_V2"", ""CHRONICFATIGUESYNDROMEMM_V2"", ""UNK"", ""AF""]","[0.05144351348280907, 0.0499333031475544, 0.048286907374858856, 0.047679558396339417, 0.045566827058792114]"
train,38,2,20965,E,West Midlands,13,TYPE2DIABETES,0.06307730823755264,"[13, 9, 12, 1, 3]","[""TYPE2DIABETES"", ""AF"", ""HYPERTENSION"", ""UNK"", ""CHRONICFATIGUESYNDROMEMM_V2""]","[0.06307730823755264, 0.04969628527760506, 0.04579460620880127, 0.04520324990153313, 0.04269971698522568]"
train,39,1,20962,E,West Midlands,1,UNK,0.05024684965610504,"[1, 3, 12, 9, 11]","[""UNK"", ""CHRONICFATIGUESYNDROMEMM_V2"", ""HYPERTENSION"", ""AF"", ""DEATH""]","[0.05024684965610504, 0.0494685098528862, 0.04767141863703728, 0.04327608272433281, 0.04297938942909241]"
train,40,5,20962,E,West Midlands,3,CHRONICFATIGUESYNDROMEMM_V2,0.062040504068136215,"[3, 12, 13, 8, 9]","[""CHRONICFATIGUESYNDROMEMM_V2"", ""HYPERTENSION"", ""TYPE2DIABETES"", ""25_Hydroxyvitamin_D2_level_92_"", ""AF""]","[0.062040504068136215, 0.05442696437239647, 0.049172863364219666, 0.045119017362594604, 0.03982421010732651]"
train,41,2,20975,E,South East,12,HYPERTENSION,0.07594981789588928,"[12, 1, 9, 3, 4]","[""HYPERTENSION"", ""UNK"", ""AF"", ""CHRONICFATIGUESYNDROMEMM_V2"", ""HAEMOCHROMATOSIS_V2""]","[0.07594981789588928, 0.061099205166101456, 0.04779048264026642, 0.044190842658281326, 0.0391160286962986]"
train,42,1,20972,E,South East,3,CHRONICFATIGUESYNDROMEMM_V2,0.07199929654598236,"[3, 13, 9, 4, 8]","[""CHRONICFATIGUESYNDROMEMM_V2"", ""TYPE2DIABETES"", ""AF"", ""HAEMOCHROMATOSIS_V2"", ""25_Hydroxyvitamin_D2_level_92_""]","[0.07199929654598236, 0.05158746615052223, 0.04900272190570831, 0.04065564274787903, 0.040486305952072144]"
train,43,5,20972,E,South East,12,HYPERTENSION,0.08137863129377365,"[12, 3, 9, 1, 11]","[""HYPERTENSION"", ""CHRONICFATIGUESYNDROMEMM_V2"", ""AF"", ""UNK"", ""DEATH""]","[0.08137863129377365, 0.04900214076042175, 0.045186955481767654, 0.041168153285980225, 0.04100066050887108]"
train,44,4,20973,E,South East,1,UNK,0.06284073740243912,"[1, 3, 12, 9, 4]","[""UNK"", ""CHRONICFATIGUESYNDROMEMM_V2"", ""HYPERTENSION"", ""AF"", ""HAEMOCHROMATOSIS_V2""]","[0.06284073740243912, 0.05780208483338356, 0.053404800593853, 0.04650908336043358, 0.046181220561265945]"
train,45,3,20974,E,South East,12,HYPERTENSION,0.07273553311824799,"[12, 3, 1, 9, 11]","[""HYPERTENSION"", ""CHRONICFATIGUESYNDROMEMM_V2"", ""UNK"", ""AF"", ""DEATH""]","[0.07273553311824799, 0.053648658096790314, 0.04814291000366211, 0.04477866739034653, 0.043848782777786255]"
train,46,4,20969,E,South East,13,TYPE2DIABETES,0.05650285258889198,"[13, 3, 1, 12, 11]","[""TYPE2DIABETES"", ""CHRONICFATIGUESYNDROMEMM_V2"", ""UNK"", ""HYPERTENSION"", ""DEATH""]","[0.05650285258889198, 0.05613822862505913, 0.05554842948913574, 0.04868646338582039, 0.03916819766163826]"
train,47,2,20967,E,South East,3,CHRONICFATIGUESYNDROMEMM_V2,0.055108692497015,"[3, 4, 13, 8, 11]","[""CHRONICFATIGUESYNDROMEMM_V2"", ""HAEMOCHROMATOSIS_V2"", ""TYPE2DIABETES"", ""25_Hydroxyvitamin_D2_level_92_"", ""DEATH""]","[0.055108692497015, 0.05117708072066307, 0.04735136032104492, 0.04637530818581581, 0.046306394040584564]"
train,48,1,20960,E,South East,12,HYPERTENSION,0.06378515064716339,"[12, 3, 4, 8, 13]","[""HYPERTENSION"", ""CHRONICFATIGUESYNDROMEMM_V2"", ""HAEMOCHROMATOSIS_V2"", ""25_Hydroxyvitamin_D2_level_92_"", ""TYPE2DIABETES""]","[0.06378515064716339, 0.05560503527522087, 0.04869557172060013, 0.04727901890873909, 0.044596314430236816]"
train,49,2,20960,E,South East,12,HYPERTENSION,0.08257070183753967,"[12, 4, 3, 1, 8]","[""HYPERTENSION"", ""HAEMOCHROMATOSIS_V2"", ""CHRONICFATIGUESYNDROMEMM_V2"", ""UNK"", ""25_Hydroxyvitamin_D2_level_92_""]","[0.08257070183753967, 0.05436153709888458, 0.04988175630569458, 0.04917942360043526, 0.046112243086099625]"
train,50,3,20960,E,South East,12,HYPERTENSION,0.090150848031044,"[12, 1, 3, 4, 8]","[""HYPERTENSION"", ""UNK"", ""CHRONICFATIGUESYNDROMEMM_V2"", ""HAEMOCHROMATOSIS_V2"", ""25_Hydroxyvitamin_D2_level_92_""]","[0.090150848031044, 0.0511922761797905, 0.05040021613240242, 0.0503087155520916, 0.043532680720090866]"
train,51,4,20960,E,South East,1,UNK,0.057936035096645355,"[1, 4, 12, 11, 3]","[""UNK"", ""HAEMOCHROMATOSIS_V2"", ""HYPERTENSION"", ""DEATH"", ""CHRONICFATIGUESYNDROMEMM_V2""]","[0.057936035096645355, 0.05412264168262482, 0.05278242006897926, 0.04745741933584213, 0.04704492166638374]"
train,52,1,20968,E,South East,1,UNK,0.055879171937704086,"[1, 3, 13, 12, 9]","[""UNK"", ""CHRONICFATIGUESYNDROMEMM_V2"", ""TYPE2DIABETES"", ""HYPERTENSION"", ""AF""]","[0.055879171937704086, 0.0545073077082634, 0.04854584112763405, 0.04610646143555641, 0.04343249276280403]"
train,53,5,20968,E,South East,13,TYPE2DIABETES,0.0510396733880043,"[13, 12, 11, 9, 3]","[""TYPE2DIABETES"", ""HYPERTENSION"", ""DEATH"", ""AF"", ""CHRONICFATIGUESYNDROMEMM_V2""]","[0.0510396733880043, 0.04945556819438934, 0.04935566708445549, 0.048637133091688156, 0.0476028136909008]"
train,54,2,20971,E,South East,12,HYPERTENSION,0.06324446946382523,"[12, 13, 11, 1, 3]","[""HYPERTENSION"", ""TYPE2DIABETES"", ""DEATH"", ""UNK"", ""CHRONICFATIGUESYNDROMEMM_V2""]","[0.06324446946382523, 0.045006658881902695, 0.042603712528944016, 0.04195689409971237, 0.04092128202319145]"
train,55,1,20976,E,South East,12,HYPERTENSION,0.06881274282932281,"[12, 3, 13, 1, 9]","[""HYPERTENSION"", ""CHRONICFATIGUESYNDROMEMM_V2"", ""TYPE2DIABETES"", ""UNK"", ""AF""]","[0.06881274282932281, 0.058720629662275314, 0.05729524791240692, 0.05196036770939827, 0.039689742028713226]"
train,56,5,20976,E,South East,12,HYPERTENSION,0.05464146286249161,"[12, 3, 9, 13, 11]","[""HYPERTENSION"", ""CHRONICFATIGUESYNDROMEMM_V2"", ""AF"", ""TYPE2DIABETES"", ""DEATH""]","[0.05464146286249161, 0.053071606904268265, 0.04950517788529396, 0.04773754999041557, 0.04524441808462143]"
train,57,3,20978,E,South East,12,HYPERTENSION,0.07692963629961014,"[12, 3, 1, 13, 9]","[""HYPERTENSION"", ""CHRONICFATIGUESYNDROMEMM_V2"", ""UNK"", ""TYPE2DIABETES"", ""AF""]","[0.07692963629961014, 0.05548097565770149, 0.050848763436079025, 0.048561856150627136, 0.04312948137521744]"
train,58,2,20979,E,South East,12,HYPERTENSION,0.0698300153017044,"[12, 13, 3, 9, 11]","[""HYPERTENSION"", ""TYPE2DIABETES"", ""CHRONICFATIGUESYNDROMEMM_V2"", ""AF"", ""DEATH""]","[0.0698300153017044, 0.05255110189318657, 0.0474582277238369, 0.04590604826807976, 0.0446995384991169]"
train,59,4,20977,E,South East,12,HYPERTENSION,0.05957408994436264,"[12, 1, 3, 11, 9]","[""HYPERTENSION"", ""UNK"", ""CHRONICFATIGUESYNDROMEMM_V2"", ""DEATH"", ""AF""]","[0.05957408994436264, 0.05497746169567108, 0.052830908447504044, 0.04795461148023605, 0.047392118722200394]"
train,60,3,20970,E,South East,12,HYPERTENSION,0.07425227761268616,"[12, 3, 1, 13, 9]","[""HYPERTENSION"", ""CHRONICFATIGUESYNDROMEMM_V2"", ""UNK"", ""TYPE2DIABETES"", ""AF""]","[0.07425227761268616, 0.05181591212749481, 0.048497624695301056, 0.048370350152254105, 0.045816998928785324]"
train,61,2,20963,E,South East,3,CHRONICFATIGUESYNDROMEMM_V2,0.053333986550569534,"[3, 12, 11, 13, 8]","[""CHRONICFATIGUESYNDROMEMM_V2"", ""HYPERTENSION"", ""DEATH"", ""TYPE2DIABETES"", ""25_Hydroxyvitamin_D2_level_92_""]","[0.053333986550569534, 0.047316476702690125, 0.04350471869111061, 0.04249628633260727, 0.04227111488580704]"
train,62,4,20965,E,South East,1,UNK,0.05598758906126022,"[1, 3, 4, 13, 5]","[""UNK"", ""CHRONICFATIGUESYNDROMEMM_V2"", ""HAEMOCHROMATOSIS_V2"", ""TYPE2DIABETES"", ""LYMPHOMA_PREVALENCE_V2""]","[0.05598758906126022, 0.05165106803178787, 0.05042840167880058, 0.047669775784015656, 0.04416751116514206]"
train,63,3,20962,E,South East,3,CHRONICFATIGUESYNDROMEMM_V2,0.05348052829504013,"[3, 11, 12, 1, 4]","[""CHRONICFATIGUESYNDROMEMM_V2"", ""DEATH"", ""HYPERTENSION"", ""UNK"", ""HAEMOCHROMATOSIS_V2""]","[0.05348052829504013, 0.05203840509057045, 0.04752067103981972, 0.046635061502456665, 0.04503782466053963]"
train,64,3,20975,E,North West,12,HYPERTENSION,0.07229124009609222,"[12, 1, 9, 3, 13]","[""HYPERTENSION"", ""UNK"", ""AF"", ""CHRONICFATIGUESYNDROMEMM_V2"", ""TYPE2DIABETES""]","[0.07229124009609222, 0.0683087408542633, 0.052602194249629974, 0.048975832760334015, 0.03798084706068039]"
train,65,2,20972,E,North West,9,AF,0.064693883061409,"[9, 12, 3, 1, 13]","[""AF"", ""HYPERTENSION"", ""CHRONICFATIGUESYNDROMEMM_V2"", ""UNK"", ""TYPE2DIABETES""]","[0.064693883061409, 0.05955700948834419, 0.04613344743847847, 0.041846953332424164, 0.041173528879880905]"
train,66,1,20973,E,North West,3,CHRONICFATIGUESYNDROMEMM_V2,0.06075173616409302,"[3, 12, 9, 1, 4]","[""CHRONICFATIGUESYNDROMEMM_V2"", ""HYPERTENSION"", ""AF"", ""UNK"", ""HAEMOCHROMATOSIS_V2""]","[0.06075173616409302, 0.052212029695510864, 0.05154883489012718, 0.05079023912549019, 0.03986569494009018]"
train,67,5,20973,E,North West,12,HYPERTENSION,0.05779722332954407,"[12, 3, 9, 1, 4]","[""HYPERTENSION"", ""CHRONICFATIGUESYNDROMEMM_V2"", ""AF"", ""UNK"", ""HAEMOCHROMATOSIS_V2""]","[0.05779722332954407, 0.05740802735090256, 0.049533769488334656, 0.046045612543821335, 0.04386015981435776]"
train,68,4,20974,E,North West,12,HYPERTENSION,0.07339120656251907,"[12, 1, 9, 3, 11]","[""HYPERTENSION"", ""UNK"", ""AF"", ""CHRONICFATIGUESYNDROMEMM_V2"", ""DEATH""]","[0.07339120656251907, 0.06367712467908859, 0.055204249918460846, 0.052223432809114456, 0.03850856423377991]"
train,69,1,20969,E,North West,3,CHRONICFATIGUESYNDROMEMM_V2,0.05772876366972923,"[3, 13, 9, 12, 11]","[""CHRONICFATIGUESYNDROMEMM_V2"", ""TYPE2DIABETES"", ""AF"", ""HYPERTENSION"", ""DEATH""]","[0.05772876366972923, 0.05259326845407486, 0.04477699473500252, 0.04448194056749344, 0.04303177073597908]"
train,70,5,20969,E,North West,12,HYPERTENSION,0.06436457484960556,"[12, 13, 3, 11, 9]","[""HYPERTENSION"", ""TYPE2DIABETES"", ""CHRONICFATIGUESYNDROMEMM_V2"", ""DEATH"", ""AF""]","[0.06436457484960556, 0.06211025267839432, 0.048412833362817764, 0.04434633627533913, 0.043863411992788315]"
train,71,3,20967,E,North West,12,HYPERTENSION,0.05897316709160805,"[12, 11, 3, 13, 4]","[""HYPERTENSION"", ""DEATH"", ""CHRONICFATIGUESYNDROMEMM_V2"", ""TYPE2DIABETES"", ""HAEMOCHROMATOSIS_V2""]","[0.05897316709160805, 0.048530567437410355, 0.047243159264326096, 0.046045057475566864, 0.04574906453490257]"
train,72,1,20961,E,North West,3,CHRONICFATIGUESYNDROMEMM_V2,0.06006811186671257,"[3, 1, 9, 4, 11]","[""CHRONICFATIGUESYNDROMEMM_V2"", ""UNK"", ""AF"", ""HAEMOCHROMATOSIS_V2"", ""DEATH""]","[0.06006811186671257, 0.04492665454745293, 0.04463211074471474, 0.042984042316675186, 0.04095960408449173]"
train,73,2,20961,E,North West,3,CHRONICFATIGUESYNDROMEMM_V2,0.05056995153427124,"[3, 11, 9, 4, 12]","[""CHRONICFATIGUESYNDROMEMM_V2"", ""DEATH"", ""AF"", ""HAEMOCHROMATOSIS_V2"", ""HYPERTENSION""]","[0.05056995153427124, 0.048553429543972015, 0.04678548127412796, 0.04593602567911148, 0.039305735379457474]"
train,74,3,20961,E,North West,9,AF,0.05234593525528908,"[9, 12, 11, 1, 10]","[""AF"", ""HYPERTENSION"", ""DEATH"", ""UNK"", ""STROKE_HAEMRGIC""]","[0.05234593525528908, 0.05175560340285301, 0.044059012085199356, 0.04386252909898758, 0.04256509989500046]"
train,75,4,20961,E,North West,9,AF,0.049768202006816864,"[9, 3, 1, 10, 12]","[""AF"", ""CHRONICFATIGUESYNDROMEMM_V2"", ""UNK"", ""STROKE_HAEMRGIC"", ""HYPERTENSION""]","[0.049768202006816864, 0.04732267186045647, 0.04303264617919922, 0.04269671067595482, 0.04228390380740166]"
train,76,5,20961,E,North West,11,DEATH,0.04724244028329849,"[11, 3, 9, 12, 1]","[""DEATH"", ""CHRONICFATIGUESYNDROMEMM_V2"", ""AF"", ""HYPERTENSION"", ""UNK""]","[0.04724244028329849, 0.04703391715884209, 0.04618612676858902, 0.044816773384809494, 0.04155290499329567]"
train,77,2,20968,E,North West,1,UNK,0.05646950751543045,"[1, 3, 9, 4, 13]","[""UNK"", ""CHRONICFATIGUESYNDROMEMM_V2"", ""AF"", ""HAEMOCHROMATOSIS_V2"", ""TYPE2DIABETES""]","[0.05646950751543045, 0.05572475865483284, 0.05321507155895233, 0.04502490162849426, 0.04401890188455582]"
train,78,3,20971,E,North West,9,AF,0.05237281322479248,"[9, 12, 11, 4, 13]","[""AF"", ""HYPERTENSION"", ""DEATH"", ""HAEMOCHROMATOSIS_V2"", ""TYPE2DIABETES""]","[0.05237281322479248, 0.051154471933841705, 0.049102555960416794, 0.043315138667821884, 0.040916018187999725]"
train,79,2,20976,E,North West,12,HYPERTENSION,0.06362897902727127,"[12, 3, 9, 13, 1]","[""HYPERTENSION"", ""CHRONICFATIGUESYNDROMEMM_V2"", ""AF"", ""TYPE2DIABETES"", ""UNK""]","[0.06362897902727127, 0.051094669848680496, 0.048689235001802444, 0.04722410812973976, 0.04672837257385254]"
train,80,4,20978,E,North West,12,HYPERTENSION,0.07473189383745193,"[12, 3, 13, 1, 9]","[""HYPERTENSION"", ""CHRONICFATIGUESYNDROMEMM_V2"", ""TYPE2DIABETES"", ""UNK"", ""AF""]","[0.07473189383745193, 0.0514989048242569, 0.051362425088882446, 0.04760206118226051, 0.04738962650299072]"
train,81,3,20979,E,North West,12,HYPERTENSION,0.07064568996429443,"[12, 9, 1, 11, 13]","[""HYPERTENSION"", ""AF"", ""UNK"", ""DEATH"", ""TYPE2DIABETES""]","[0.07064568996429443, 0.05445903539657593, 0.05125533789396286, 0.04926493391394615, 0.04802173003554344]"
train,82,1,20977,E,North West,9,AF,0.05710484832525253,"[9, 12, 3, 13, 1]","[""AF"", ""HYPERTENSION"", ""CHRONICFATIGUESYNDROMEMM_V2"", ""TYPE2DIABETES"", ""UNK""]","[0.05710484832525253, 0.05171449854969978, 0.05086864158511162, 0.04784983769059181, 0.041863828897476196]"
train,83,5,20977,E,North West,3,CHRONICFATIGUESYNDROMEMM_V2,0.07251445204019547,"[3, 12, 13, 11, 8]","[""CHRONICFATIGUESYNDROMEMM_V2"", ""HYPERTENSION"", ""TYPE2DIABETES"", ""DEATH"", ""25_Hydroxyvitamin_D2_level_92_""]","[0.07251445204019547, 0.05527842417359352, 0.05092322453856468, 0.04464690014719963, 0.04382981359958649]"
train,84,4,20970,E,North West,12,HYPERTENSION,0.05550239607691765,"[12, 1, 3, 9, 13]","[""HYPERTENSION"", ""UNK"", ""CHRONICFATIGUESYNDROMEMM_V2"", ""AF"", ""TYPE2DIABETES""]","[0.05550239607691765, 0.054624639451503754, 0.05361737310886383, 0.05303572863340378, 0.0460045300424099]"
train,85,3,20963,E,North West,9,AF,0.053704675287008286,"[9, 3, 11, 4, 12]","[""AF"", ""CHRONICFATIGUESYNDROMEMM_V2"", ""DEATH"", ""HAEMOCHROMATOSIS_V2"", ""HYPERTENSION""]","[0.053704675287008286, 0.05208130553364754, 0.04689916968345642, 0.04646822810173035, 0.044377394020557404]"
train,86,1,20965,E,North West,13,TYPE2DIABETES,0.05823653191328049,"[13, 9, 11, 12, 7]","[""TYPE2DIABETES"", ""AF"", ""DEATH"", ""HYPERTENSION"", ""OTHER_CHRONIC_LIVER_DISEASE_OPTIMAL""]","[0.05823653191328049, 0.047457579523324966, 0.046839188784360886, 0.046196963638067245, 0.043816015124320984]"
train,87,5,20965,E,North West,13,TYPE2DIABETES,0.06183362752199173,"[13, 3, 9, 1, 12]","[""TYPE2DIABETES"", ""CHRONICFATIGUESYNDROMEMM_V2"", ""AF"", ""UNK"", ""HYPERTENSION""]","[0.06183362752199173, 0.05674206092953682, 0.049359217286109924, 0.04693613201379776, 0.04523488134145737]"
train,88,4,20962,E,North West,3,CHRONICFATIGUESYNDROMEMM_V2,0.058021578937768936,"[3, 12, 1, 13, 9]","[""CHRONICFATIGUESYNDROMEMM_V2"", ""HYPERTENSION"", ""UNK"", ""TYPE2DIABETES"", ""AF""]","[0.058021578937768936, 0.05668948218226433, 0.05101371929049492, 0.045155029743909836, 0.04154602438211441]"
val,0,2,20966,E,East of England,12,HYPERTENSION,0.0561567023396492,"[12, 13, 3, 1, 4]","[""HYPERTENSION"", ""TYPE2DIABETES"", ""CHRONICFATIGUESYNDROMEMM_V2"", ""UNK"", ""HAEMOCHROMATOSIS_V2""]","[0.0561567023396492, 0.05116455256938934, 0.05099478363990784, 0.04988192394375801, 0.0462481714785099]"
val,1,1,20966,E,West Midlands,3,CHRONICFATIGUESYNDROMEMM_V2,0.06187016889452934,"[3, 13, 4, 8, 1]","[""CHRONICFATIGUESYNDROMEMM_V2"", ""TYPE2DIABETES"", ""HAEMOCHROMATOSIS_V2"", ""25_Hydroxyvitamin_D2_level_92_"", ""UNK""]","[0.06187016889452934, 0.06041204556822777, 0.04626059904694557, 0.044524796307086945, 0.04399596154689789]"
val,2,5,20966,E,West Midlands,12,HYPERTENSION,0.054883480072021484,"[12, 1, 3, 11, 9]","[""HYPERTENSION"", ""UNK"", ""CHRONICFATIGUESYNDROMEMM_V2"", ""DEATH"", ""AF""]","[0.054883480072021484, 0.052582889795303345, 0.047046031802892685, 0.04398442432284355, 0.04368184879422188]"
val,3,3,20966,E,South East,12,HYPERTENSION,0.05977251008152962,"[12, 13, 3, 1, 9]","[""HYPERTENSION"", ""TYPE2DIABETES"", ""CHRONICFATIGUESYNDROMEMM_V2"", ""UNK"", ""AF""]","[0.05977251008152962, 0.05314801260828972, 0.05306698754429817, 0.049316711723804474, 0.04681704193353653]"
val,4,4,20966,E,North West,4,HAEMOCHROMATOSIS_V2,0.05070650950074196,"[4, 1, 3, 9, 13]","[""HAEMOCHROMATOSIS_V2"", ""UNK"", ""CHRONICFATIGUESYNDROMEMM_V2"", ""AF"", ""TYPE2DIABETES""]","[0.05070650950074196, 0.05056428909301758, 0.049458470195531845, 0.047613177448511124, 0.04749661311507225]"
test,0,4,20964,E,East of England,9,AF,0.05300082266330719,"[9, 4, 11, 1, 13]","[""AF"", ""HAEMOCHROMATOSIS_V2"", ""DEATH"", ""UNK"", ""TYPE2DIABETES""]","[0.05300082266330719, 0.05246531590819359, 0.05083578824996948, 0.047617025673389435, 0.047526802867650986]"
test,1,3,20964,E,West Midlands,12,HYPERTENSION,0.05496033653616905,"[12, 11, 1, 4, 13]","[""HYPERTENSION"", ""DEATH"", ""UNK"", ""HAEMOCHROMATOSIS_V2"", ""TYPE2DIABETES""]","[0.05496033653616905, 0.05405503138899803, 0.049441464245319366, 0.0455801822245121, 0.04458269104361534]"
test,2,1,20964,E,South East,4,HAEMOCHROMATOSIS_V2,0.058620885014534,"[4, 3, 13, 9, 1]","[""HAEMOCHROMATOSIS_V2"", ""CHRONICFATIGUESYNDROMEMM_V2"", ""TYPE2DIABETES"", ""AF"", ""UNK""]","[0.058620885014534, 0.05671209096908569, 0.04899066686630249, 0.04796236753463745, 0.04393867403268814]"
test,3,5,20964,E,South East,11,DEATH,0.05911719799041748,"[11, 13, 4, 7, 9]","[""DEATH"", ""TYPE2DIABETES"", ""HAEMOCHROMATOSIS_V2"", ""OTHER_CHRONIC_LIVER_DISEASE_OPTIMAL"", ""AF""]","[0.05911719799041748, 0.05213372781872749, 0.049022872000932693, 0.045452605932950974, 0.04202062636613846]"
test,4,2,20964,E,North West,4,HAEMOCHROMATOSIS_V2,0.05610782653093338,"[4, 3, 11, 13, 9]","[""HAEMOCHROMATOSIS_V2"", ""CHRONICFATIGUESYNDROMEMM_V2"", ""DEATH"", ""TYPE2DIABETES"", ""AF""]","[0.05610782653093338, 0.04919922724366188, 0.04757849872112274, 0.04610346257686615, 0.04364241287112236]"
